﻿<?xml version="1.0" encoding="utf-8"?>

<helpItems xmlns="http://msh" schema="maml">

<command:command xmlns:maml="http://schemas.microsoft.com/maml/2004/10" xmlns:command="http://schemas.microsoft.com/maml/dev/command/2004/10" xmlns:dev="http://schemas.microsoft.com/maml/dev/2004/10">
<!--Generated by Help Cmdlet Editor-->
	<command:details>
		<command:name>Send-File</command:name>
		<maml:description>
			<maml:para>Uploads the file somewhere safe.</maml:para>
		</maml:description>
		<maml:copyright>
           <maml:para />
		<!--Add copy right info here.-->
		</maml:copyright>
		<command:verb>Send</command:verb>
		<command:noun>File</command:noun>
		<!--Add Dev version info here.-->
		<dev:version />
	</command:details>
	<maml:description>
	<!--This is the Description section-->
		<maml:para>The Send-File cmdlet uploads the file to a safe location.</maml:para>
	</maml:description>
	<command:syntax>		
    <command:syntaxItem>
			<maml:name>Send-File</maml:name>
			<command:parameter required = "false" variableLength = "false" globbing = "false" pipelineInput = "true (ByValue)" position = "2" >
				<maml:name>File</maml:name>
				<maml:description>
					<maml:para>Specifies the file to be uploaded.</maml:para>
				</maml:description>
			<command:parameterValue required="true" variableLength = "false" >FileSystemInfo</command:parameterValue>
			</command:parameter>
			<command:parameter required = "false" variableLength = "false" globbing = "false" pipelineInput = "false" position = "named" >
				<maml:name>Log</maml:name>
				<maml:description>
					<maml:para>Creates a log of the upload operation. The log is recorded in the $log variable.</maml:para>
				</maml:description>
			</command:parameter>
			<command:parameter required = "false" variableLength = "false" globbing = "false" pipelineInput = "false" position = "named" >
				<maml:name>PassThru</maml:name>
				<maml:description>
					<maml:para>Returns the newly extended object. By default, this cmdlet does not generate any output.For most objects, Add-Member adds the new members to the input object. However, when the input object is a string, Add-Member cannot add the member to the input object. For these objects, use the PassThru parameter to create an output object.In Windows PowerShell 2.0, Add-Member added members only to the PSObject wrapper of objects, not to the object. Use the PassThru parameter to create an output object for any object that has a PSObject wrapper.</maml:para>
				</maml:description>
			</command:parameter>
			<command:parameter required = "false" variableLength = "false" globbing = "false" pipelineInput = "false" position = "named" >
				<maml:name>Force</maml:name>
				<maml:description>
					<maml:para>Adds a new member even the object has a custom member with the same name. You cannot use the Force parameter to replace a standard member of a type.</maml:para>
				</maml:description>
			</command:parameter>
			<command:parameter required = "false" variableLength = "false" globbing = "false" pipelineInput = "false" position = "named" >
				<maml:name>WhatIf</maml:name>
				<maml:description>
					<maml:para></maml:para>
				</maml:description>
			</command:parameter>
			<command:parameter required = "false" variableLength = "false" globbing = "false" pipelineInput = "false" position = "named" >
				<maml:name>Confirm</maml:name>
				<maml:description>
					<maml:para></maml:para>
				</maml:description>
			</command:parameter>
		</command:syntaxItem>
	</command:syntax>
	<command:parameters>
		<command:parameter required="false" variableLength="false" globbing="false" pipelineInput="true (ByValue)" position="2">
			<maml:name>File</maml:name>
			<maml:description>
				<maml:para>Specifies the file to be uploaded.</maml:para>
			</maml:description>
			<command:parameterValue required="true" variableLength="false">FileSystemInfo</command:parameterValue>
			<dev:type>
				<maml:name>FileSystemInfo</maml:name>
				<maml:uri/>
			</dev:type>
			<dev:defaultValue></dev:defaultValue>
		</command:parameter>
		<command:parameter required="false" variableLength="false" globbing="false" pipelineInput="false" position="named">
			<maml:name>Log</maml:name>
			<maml:description>
				<maml:para>Creates a log of the upload operation. The log is recorded in the $log variable.</maml:para>
			</maml:description>
			<dev:type>
				<maml:name>SwitchParameter</maml:name>
				<maml:uri/>
			</dev:type>
			<dev:defaultValue></dev:defaultValue>
		</command:parameter>
		<command:parameter required="false" variableLength="false" globbing="false" pipelineInput="false" position="named">
			<maml:name>PassThru</maml:name>
			<maml:description>
				<maml:para>Returns the newly extended object. By default, this cmdlet does not generate any output.For most objects, Add-Member adds the new members to the input object. However, when the input object is a string, Add-Member cannot add the member to the input object. For these objects, use the PassThru parameter to create an output object.In Windows PowerShell 2.0, Add-Member added members only to the PSObject wrapper of objects, not to the object. Use the PassThru parameter to create an output object for any object that has a PSObject wrapper.</maml:para>
			</maml:description>
			<dev:type>
				<maml:name>SwitchParameter</maml:name>
				<maml:uri/>
			</dev:type>
			<dev:defaultValue>False</dev:defaultValue>
		</command:parameter>
		<command:parameter required="false" variableLength="false" globbing="false" pipelineInput="false" position="named">
			<maml:name>Force</maml:name>
			<maml:description>
				<maml:para>Adds a new member even the object has a custom member with the same name. You cannot use the Force parameter to replace a standard member of a type.</maml:para>
			</maml:description>
			<dev:type>
				<maml:name>SwitchParameter</maml:name>
				<maml:uri/>
			</dev:type>
			<dev:defaultValue></dev:defaultValue>
		</command:parameter>
		<command:parameter required="false" variableLength="false" globbing="false" pipelineInput="false" position="named">
			<maml:name>WhatIf</maml:name>
			<maml:description>
				<maml:para></maml:para>
			</maml:description>
			<dev:type>
				<maml:name>SwitchParameter</maml:name>
				<maml:uri/>
			</dev:type>
			<dev:defaultValue></dev:defaultValue>
		</command:parameter>
		<command:parameter required="false" variableLength="false" globbing="false" pipelineInput="false" position="named">
			<maml:name>Confirm</maml:name>
			<maml:description>
				<maml:para></maml:para>
			</maml:description>
			<dev:type>
				<maml:name>SwitchParameter</maml:name>
				<maml:uri/>
			</dev:type>
			<dev:defaultValue></dev:defaultValue>
		</command:parameter>
	</command:parameters>
	<command:inputTypes>
		<command:inputType>
			<dev:type>
				<maml:name>System.IO.FileSystemInfo</maml:name>
				<maml:uri/>
				<maml:description>
					<maml:para></maml:para>
				</maml:description>
			</dev:type>
			<maml:description></maml:description>
		</command:inputType>
	</command:inputTypes>
	<command:returnValues>
		<command:returnValue>
			<dev:type>
				<maml:name>None or System.IO.FileSystemInfo</maml:name>
				<maml:uri />
				<maml:description>
					<maml:para></maml:para>
				</maml:description>
			</dev:type>
			<maml:description></maml:description>
		</command:returnValue>
	</command:returnValues>
	<command:terminatingErrors>
	</command:terminatingErrors>
	<command:nonTerminatingErrors>
	</command:nonTerminatingErrors>
	<maml:alertSet>
		<maml:title></maml:title>
		<maml:alert>
			<maml:para>Uploading big files can reduce your internet throughput.</maml:para>
		</maml:alert>
	</maml:alertSet>
	<command:examples>
		<command:example>
			<maml:title>
--------------  EXAMPLE 1 --------------			</maml:title>
			<maml:introduction>
				<maml:para>C:\PS&gt;</maml:para>
C:\PS&gt;			</maml:introduction>
  			<dev:code>PS C:\&gt; dir c:\files\*.* | Send-File</dev:code>
  			<dev:remarks>
				<maml:para>This pipeline command will upload all files from the c:\files\ folder.</maml:para>
				<maml:para></maml:para>
				<maml:para></maml:para>
				<maml:para>
				</maml:para>
				<maml:para></maml:para>
  			</dev:remarks>
			<command:commandLines>
				<command:commandLine>
					<command:commandText>
					</command:commandText>
				</command:commandLine>
			</command:commandLines>
		</command:example>
	</command:examples>
	<maml:relatedLinks>
		<maml:navigationLink>
			<maml:linkText>Online Version:</maml:linkText>
			<maml:uri/>
		</maml:navigationLink>
		<maml:navigationLink>
			<maml:linkText>Download-File</maml:linkText>
			<maml:uri/>
		</maml:navigationLink>
	</maml:relatedLinks>
</command:command>

</helpItems>
